{"attributes":{"description":"","kibanaSavedObjectMeta":{"searchSourceJSON":"{\"query\":{\"query\":\"\",\"language\":\"kuery\"},\"filter\":[]}"},"optionsJSON":"{\"useMargins\":true,\"syncColors\":false,\"syncCursor\":true,\"syncTooltips\":false,\"hidePanelTitles\":false}","panelsJSON":"[{\"version\":\"8.10.0\",\"type\":\"lens\",\"gridData\":{\"x\":0,\"y\":0,\"w\":48,\"h\":14,\"i\":\"057eddec-2acf-42b1-8a8f-e235d0bab4b7\"},\"panelIndex\":\"057eddec-2acf-42b1-8a8f-e235d0bab4b7\",\"embeddableConfig\":{\"attributes\":{\"title\":\"\",\"description\":\"\",\"visualizationType\":\"lnsXY\",\"type\":\"lens\",\"references\":[{\"type\":\"index-pattern\",\"id\":\"e1ffc712-b8e3-41b6-beda-6c78dfd7659e\",\"name\":\"indexpattern-datasource-layer-2a1ea679-cf75-4b3b-9517-aa4c3c9e50f7\"}],\"state\":{\"visualization\":{\"legend\":{\"isVisible\":true,\"position\":\"right\"},\"valueLabels\":\"hide\",\"fittingFunction\":\"None\",\"axisTitlesVisibilitySettings\":{\"x\":true,\"yLeft\":true,\"yRight\":true},\"tickLabelsVisibilitySettings\":{\"x\":true,\"yLeft\":true,\"yRight\":true},\"labelsOrientation\":{\"x\":0,\"yLeft\":0,\"yRight\":0},\"gridlinesVisibilitySettings\":{\"x\":true,\"yLeft\":true,\"yRight\":true},\"preferredSeriesType\":\"bar\",\"layers\":[{\"layerId\":\"2a1ea679-cf75-4b3b-9517-aa4c3c9e50f7\",\"accessors\":[\"7bb3a6f9-705c-41a2-9c9e-e1b8f7c6feff\",\"266571eb-8888-40af-ad81-2a76052ab1e1\",\"1dc22658-4a57-4af7-b5cc-6db09345c226\",\"374c8cd2-b4ca-4f1f-a0a6-e373fdbd799b\",\"3c1c12c8-16f8-40fd-892c-a21c98dfbfea\"],\"position\":\"top\",\"seriesType\":\"bar\",\"showGridlines\":false,\"layerType\":\"data\",\"xAccessor\":\"43063663-ab2a-4d93-a6bb-010671ad1045\",\"yConfig\":[{\"forAccessor\":\"266571eb-8888-40af-ad81-2a76052ab1e1\",\"color\":\"#e5dccc\"},{\"forAccessor\":\"374c8cd2-b4ca-4f1f-a0a6-e373fdbd799b\",\"color\":\"#da8b45\"},{\"forAccessor\":\"3c1c12c8-16f8-40fd-892c-a21c98dfbfea\",\"color\":\"#3b3b3b\"}]}]},\"query\":{\"query\":\"\",\"language\":\"kuery\"},\"filters\":[],\"datasourceStates\":{\"formBased\":{\"layers\":{\"2a1ea679-cf75-4b3b-9517-aa4c3c9e50f7\":{\"columns\":{\"43063663-ab2a-4d93-a6bb-010671ad1045\":{\"label\":\"Top 50 values of address.keyword\",\"dataType\":\"string\",\"operationType\":\"terms\",\"scale\":\"ordinal\",\"sourceField\":\"address.keyword\",\"isBucketed\":true,\"params\":{\"size\":50,\"orderBy\":{\"type\":\"custom\"},\"orderAgg\":{\"label\":\"Count of records\",\"dataType\":\"number\",\"operationType\":\"count\",\"isBucketed\":false,\"scale\":\"ratio\",\"sourceField\":\"___records___\",\"params\":{\"emptyAsNull\":true}},\"orderDirection\":\"desc\",\"otherBucket\":true,\"missingBucket\":false,\"parentFormat\":{\"id\":\"terms\"},\"include\":[],\"exclude\":[],\"includeIsRegex\":false,\"excludeIsRegex\":false,\"secondaryFields\":[]}},\"7bb3a6f9-705c-41a2-9c9e-e1b8f7c6feff\":{\"label\":\"2XX OK\",\"dataType\":\"number\",\"operationType\":\"formula\",\"isBucketed\":false,\"scale\":\"ratio\",\"params\":{\"formula\":\"count(lucene='status:[200 TO 299]')\",\"isFormulaBroken\":false},\"references\":[\"7bb3a6f9-705c-41a2-9c9e-e1b8f7c6feffX0\"],\"customLabel\":true},\"7bb3a6f9-705c-41a2-9c9e-e1b8f7c6feffX0\":{\"label\":\"Part of 2XX OK\",\"dataType\":\"number\",\"operationType\":\"count\",\"isBucketed\":false,\"scale\":\"ratio\",\"sourceField\":\"___records___\",\"filter\":{\"query\":\"status:[200 TO 299]\",\"language\":\"lucene\"},\"params\":{\"emptyAsNull\":false},\"customLabel\":true},\"266571eb-8888-40af-ad81-2a76052ab1e1\":{\"label\":\"3XX Redirects\",\"dataType\":\"number\",\"operationType\":\"formula\",\"isBucketed\":false,\"scale\":\"ratio\",\"params\":{\"formula\":\"count(lucene='status:[300 TO 399]')\",\"isFormulaBroken\":false},\"references\":[\"266571eb-8888-40af-ad81-2a76052ab1e1X0\"],\"customLabel\":true},\"266571eb-8888-40af-ad81-2a76052ab1e1X0\":{\"label\":\"Part of 3XX Redirects\",\"dataType\":\"number\",\"operationType\":\"count\",\"isBucketed\":false,\"scale\":\"ratio\",\"sourceField\":\"___records___\",\"filter\":{\"query\":\"status:[300 TO 399]\",\"language\":\"lucene\"},\"params\":{\"emptyAsNull\":false},\"customLabel\":true},\"1dc22658-4a57-4af7-b5cc-6db09345c226\":{\"label\":\"4XX Errors\",\"dataType\":\"number\",\"operationType\":\"formula\",\"isBucketed\":false,\"scale\":\"ratio\",\"params\":{\"formula\":\"count(lucene='status:[400 TO 402] OR status:[404 TO 499]')\",\"isFormulaBroken\":false},\"references\":[\"1dc22658-4a57-4af7-b5cc-6db09345c226X0\"],\"customLabel\":true},\"1dc22658-4a57-4af7-b5cc-6db09345c226X0\":{\"label\":\"Part of 4XX error\",\"dataType\":\"number\",\"operationType\":\"count\",\"isBucketed\":false,\"scale\":\"ratio\",\"sourceField\":\"___records___\",\"filter\":{\"query\":\"status:[400 TO 402] OR status:[404 TO 499]\",\"language\":\"lucene\"},\"params\":{\"emptyAsNull\":false},\"customLabel\":true},\"374c8cd2-b4ca-4f1f-a0a6-e373fdbd799b\":{\"label\":\"5XX Server errors\",\"dataType\":\"number\",\"operationType\":\"formula\",\"isBucketed\":false,\"scale\":\"ratio\",\"params\":{\"formula\":\"count(lucene='status:[500 TO 599]')\",\"isFormulaBroken\":false},\"references\":[\"374c8cd2-b4ca-4f1f-a0a6-e373fdbd799bX0\"],\"customLabel\":true},\"374c8cd2-b4ca-4f1f-a0a6-e373fdbd799bX0\":{\"label\":\"Part of count(lucene='status:[500 TO 599]')\",\"dataType\":\"number\",\"operationType\":\"count\",\"isBucketed\":false,\"scale\":\"ratio\",\"sourceField\":\"___records___\",\"filter\":{\"query\":\"status:[500 TO 599]\",\"language\":\"lucene\"},\"params\":{\"emptyAsNull\":false},\"customLabel\":true},\"3c1c12c8-16f8-40fd-892c-a21c98dfbfea\":{\"label\":\"403 BLOCKED\",\"dataType\":\"number\",\"operationType\":\"formula\",\"isBucketed\":false,\"scale\":\"ratio\",\"params\":{\"formula\":\"count(lucene='status:403')\",\"isFormulaBroken\":false},\"references\":[\"3c1c12c8-16f8-40fd-892c-a21c98dfbfeaX0\"],\"customLabel\":true},\"3c1c12c8-16f8-40fd-892c-a21c98dfbfeaX0\":{\"label\":\"Part of count(lucene='status:403')\",\"dataType\":\"number\",\"operationType\":\"count\",\"isBucketed\":false,\"scale\":\"ratio\",\"sourceField\":\"___records___\",\"filter\":{\"query\":\"status:403\",\"language\":\"lucene\"},\"params\":{\"emptyAsNull\":false},\"customLabel\":true}},\"columnOrder\":[\"43063663-ab2a-4d93-a6bb-010671ad1045\",\"7bb3a6f9-705c-41a2-9c9e-e1b8f7c6feff\",\"7bb3a6f9-705c-41a2-9c9e-e1b8f7c6feffX0\",\"266571eb-8888-40af-ad81-2a76052ab1e1\",\"266571eb-8888-40af-ad81-2a76052ab1e1X0\",\"1dc22658-4a57-4af7-b5cc-6db09345c226\",\"1dc22658-4a57-4af7-b5cc-6db09345c226X0\",\"374c8cd2-b4ca-4f1f-a0a6-e373fdbd799b\",\"374c8cd2-b4ca-4f1f-a0a6-e373fdbd799bX0\",\"3c1c12c8-16f8-40fd-892c-a21c98dfbfea\",\"3c1c12c8-16f8-40fd-892c-a21c98dfbfeaX0\"],\"sampling\":1,\"ignoreGlobalFilters\":false,\"incompleteColumns\":{}}}},\"indexpattern\":{\"layers\":{}},\"textBased\":{\"layers\":{}}},\"internalReferences\":[],\"adHocDataViews\":{}}},\"enhancements\":{}}}]","timeRestore":false,"title":"[CTF] Web activity","version":1},"coreMigrationVersion":"8.8.0","created_at":"2023-09-18T09:13:15.303Z","id":"995e0370-5603-11ee-83bb-df3a99feed04","managed":false,"references":[{"id":"e1ffc712-b8e3-41b6-beda-6c78dfd7659e","name":"057eddec-2acf-42b1-8a8f-e235d0bab4b7:indexpattern-datasource-layer-2a1ea679-cf75-4b3b-9517-aa4c3c9e50f7","type":"index-pattern"}],"type":"dashboard","typeMigrationVersion":"8.9.0","updated_at":"2023-09-18T09:13:15.303Z","version":"Wzc1NSw0XQ=="}